{
  "hash": "da392476",
  "configHash": "f8cb2bed",
  "lockfileHash": "a14dfd0b",
  "browserHash": "7521a88c",
  "optimized": {
    "@angular/common": {
      "src": "../../../../../node_modules/@angular/common/fesm2022/common.mjs",
      "file": "@angular_common.js",
      "fileHash": "255d108a",
      "needsInterop": false
    },
    "@angular/common/http": {
      "src": "../../../../../node_modules/@angular/common/fesm2022/http.mjs",
      "file": "@angular_common_http.js",
      "fileHash": "fca07330",
      "needsInterop": false
    },
    "@angular/core": {
      "src": "../../../../../node_modules/@angular/core/fesm2022/core.mjs",
      "file": "@angular_core.js",
      "fileHash": "6af01628",
      "needsInterop": false
    },
    "@angular/forms": {
      "src": "../../../../../node_modules/@angular/forms/fesm2022/forms.mjs",
      "file": "@angular_forms.js",
      "fileHash": "a6f836bf",
      "needsInterop": false
    },
    "@angular/platform-browser": {
      "src": "../../../../../node_modules/@angular/platform-browser/fesm2022/platform-browser.mjs",
      "file": "@angular_platform-browser.js",
      "fileHash": "356aa573",
      "needsInterop": false
    },
    "@angular/router": {
      "src": "../../../../../node_modules/@angular/router/fesm2022/router.mjs",
      "file": "@angular_router.js",
      "fileHash": "60fb6e8e",
      "needsInterop": false
    },
    "chart.js": {
      "src": "../../../../../node_modules/chart.js/dist/chart.js",
      "file": "chart__js.js",
      "fileHash": "8448c314",
      "needsInterop": false
    },
    "ngx-cookie-service": {
      "src": "../../../../../node_modules/ngx-cookie-service/fesm2022/ngx-cookie-service.mjs",
      "file": "ngx-cookie-service.js",
      "fileHash": "b0dac61c",
      "needsInterop": false
    },
    "@angular/material/select": {
      "src": "../../../../../../../node_modules/@angular/material/fesm2022/select.mjs",
      "file": "@angular_material_select.js",
      "fileHash": "6e272cef",
      "needsInterop": false
    },
    "@angular/material/form-field": {
      "src": "../../../../../../../node_modules/@angular/material/fesm2022/form-field.mjs",
      "file": "@angular_material_form-field.js",
      "fileHash": "b9d5cf3b",
      "needsInterop": false
    }
  },
  "chunks": {
    "chunk-44X2EOUJ": {
      "file": "chunk-44X2EOUJ.js"
    },
    "chunk-F2BGNKPE": {
      "file": "chunk-F2BGNKPE.js"
    },
    "chunk-H367XKNS": {
      "file": "chunk-H367XKNS.js"
    },
    "chunk-7DZBXFYW": {
      "file": "chunk-7DZBXFYW.js"
    },
    "chunk-P57RWDFB": {
      "file": "chunk-P57RWDFB.js"
    },
    "chunk-WDMUDEB6": {
      "file": "chunk-WDMUDEB6.js"
    }
  }
}